[ "ReflectivePipelineSettings", {
  "pipelineIndex" : 0,
  "pipelineType" : "Reflective",
  "inputImageFlipMode" : "NONE",
  "inputImageRotationMode" : "DEG_0",
  "pipelineNickname" : "Default",
  "cameraExposure" : 15.0,
  "cameraBrightness" : 40,
  "cameraGain" : -1,
  "cameraRedGain" : 0,
  "cameraBlueGain" : 0,
  "cameraVideoModeIndex" : 1,
  "streamingFrameDivisor" : "HALF",
  "ledMode" : true,
  "inputShouldShow" : true,
  "outputShouldShow" : true,
  "hsvHue" : {
    "first" : 40,
    "second" : 92
  },
  "hsvSaturation" : {
    "first" : 90,
    "second" : 255
  },
  "hsvValue" : {
    "first" : 110,
    "second" : 255
  },
  "hueInverted" : false,
  "outputShouldDraw" : true,
  "outputShowMultipleTargets" : false,
  "contourArea" : {
    "first" : 0.01,
    "second" : 100.0
  },
  "contourRatio" : {
    "first" : 1.0,
    "second" : 13.0
  },
  "contourFullness" : {
    "first" : 0.0,
    "second" : 100.0
  },
  "contourSpecklePercentage" : 40,
  "contourSortMode" : "Centermost",
  "contourTargetOffsetPointEdge" : "Center",
  "contourTargetOrientation" : "Landscape",
  "offsetRobotOffsetMode" : "None",
  "offsetSinglePoint" : {
    "x" : 0.0,
    "y" : 0.0
  },
  "offsetDualPointA" : {
    "x" : 0.0,
    "y" : 0.0
  },
  "offsetDualPointAArea" : 0.0,
  "offsetDualPointB" : {
    "x" : 0.0,
    "y" : 0.0
  },
  "offsetDualPointBArea" : 0.0,
  "contourGroupingMode" : "TwoOrMore",
  "contourIntersection" : "None",
  "solvePNPEnabled" : false,
  "targetModel" : "k2020HighGoalOuter",
  "cornerDetectionStrategy" : "APPROX_POLY_DP_AND_EXTREME_CORNERS",
  "cornerDetectionUseConvexHulls" : true,
  "cornerDetectionExactSideCount" : false,
  "cornerDetectionSideCount" : 4,
  "cornerDetectionAccuracyPercentage" : 10.0,
  "contourFilterRangeX" : 2.3,
  "contourFilterRangeY" : 1.6
} ]